pipeline,generator,generator_label,embedder,embedder_label,top_k,n,em,f1,recall_at_k,r_precision,grounded_em_hit,grounded_f1_hit,grounded_em_all,grounded_f1_all,total_time_s,fail_rate
P3,gemma3:12b,Gemma3:12B,all-MiniLM-L6-v2,MiniLM-L6,10,500,0.218,0.4179629715494383,0.914,0.5864333333333333,0.216,0.4142631357530508,0.13,0.2558772068805355,13.376580267429352,0.0
P3,lfm2.5-thinking:1.2b,LFM2.5:1.2B,qwen3-embedding:4b,QwenEmb-4B,10,500,0.046,0.0930952739492852,0.91,0.5974809523809524,0.046,0.09282210932908701,0.032,0.06462435738454268,12.362901387214661,0.0
P3,qwen3:14b,Qwen3:14B,all-MiniLM-L6-v2,MiniLM-L6,10,500,0.042,0.2565492012599453,0.948,0.6413666666666666,0.042,0.2565492012599453,0.022,0.16576729640092794,25.400141800403595,0.008
P3,qwen3:4b,Qwen3:4B,all-MiniLM-L6-v2,MiniLM-L6,10,500,0.358,0.4839563585604364,0.934,0.6005333333333333,0.358,0.4839563585604364,0.22,0.2991905030223467,35.414776178836824,0.002
