pipeline,generator,generator_label,embedder,embedder_label,top_k,n,em,f1,recall_at_k,r_precision,grounded_em_hit,grounded_f1_hit,grounded_em_all,grounded_f1_all,total_time_s,fail_rate
P2,gemma3:12b,Gemma3:12B,all-MiniLM-L6-v2,MiniLM-L6,10,500,0.248,0.45759462808445683,0.956,0.6830333333333333,0.248,0.45759462808445683,0.148,0.3018049977626829,3.0462048554420473,0.0
P2,lfm2.5-thinking:1.2b,LFM2.5:1.2B,all-MiniLM-L6-v2,MiniLM-L6,10,500,0.054,0.12297738589612112,0.956,0.6830333333333333,0.054,0.12294432804488145,0.042,0.08592219248033195,5.0894592938423155,0.0
P2,qwen3:14b,Qwen3:14B,qwen3-embedding:4b,QwenEmb-4B,10,500,0.054,0.2677227455039751,0.956,0.6834142857142858,0.054,0.26730169287239625,0.03,0.18225562534621664,9.522650919437408,0.0
P2,qwen3:4b,Qwen3:4B,qwen3-embedding:4b,QwenEmb-4B,10,500,0.392,0.5359762188181918,0.954,0.6834142857142858,0.392,0.5359762188181918,0.268,0.37364873574342844,18.617787905693053,0.002
